{"0": {"nlayers": 2, "target_layer": 2, "model_type": 1, "makers_type": 2, "markers": [96, 87, 93, 86, 89, 70, 74, 64, 4, 54], "IoU": 0.04541908549486609}, "1": {"nlayers": 2, "target_layer": 2, "model_type": 1, "makers_type": 2, "markers": [87, 81, 40, 16, 44, 60, 35, 96, 24, 22], "IoU": 0.03536333737261275}, "2": {"nlayers": 2, "target_layer": 2, "model_type": 1, "makers_type": 2, "markers": [58, 71, 87, 54, 14, 81, 4, 30, 2, 79], "IoU": 0.04566542447249494}, "3": {"nlayers": 2, "target_layer": 2, "model_type": 1, "makers_type": 2, "markers": [70, 66, 62, 1, 78, 4, 44, 42, 60, 92], "IoU": 0.045475738131285554}, "4": {"nlayers": 2, "target_layer": 2, "model_type": 1, "makers_type": 2, "markers": [66, 32, 1, 75, 44, 10, 79, 58, 78, 16], "IoU": 0.035083026819025045}}