{"0": {"nlayers": 2, "target_layer": 2, "model_type": 1, "makers_type": 1, "markers": [5, 40, 48, 67], "IoU": 0.03406732663414183}, "1": {"nlayers": 2, "target_layer": 2, "model_type": 1, "makers_type": 1, "markers": [64, 74, 60, 11], "IoU": 0.07939028568903238}, "2": {"nlayers": 2, "target_layer": 2, "model_type": 1, "makers_type": 1, "markers": [92, 58, 62, 4, 96], "IoU": 0.034889730570927376}, "3": {"nlayers": 2, "target_layer": 2, "model_type": 1, "makers_type": 1, "markers": [50, 84, 34, 11, 14], "IoU": 0.05677358184397977}, "4": {"nlayers": 2, "target_layer": 2, "model_type": 1, "makers_type": 1, "markers": [89, 30, 26, 64, 20], "IoU": 0.07611463949422455}, "5": {"nlayers": 2, "target_layer": 2, "model_type": 1, "makers_type": 1, "markers": [81, 22, 6, 96, 24], "IoU": 0.11655576803431245}, "6": {"nlayers": 2, "target_layer": 2, "model_type": 1, "makers_type": 1, "markers": [62, 93, 84, 44, 96], "IoU": 0.06450090487334892}}