{"0": {"nlayers": 2, "target_layer": 2, "model_type": 1, "makers_type": 1, "markers": [5, 40, 48, 67], "IoU": 0.03406732663414183}, "1": {"nlayers": 2, "target_layer": 2, "model_type": 1, "makers_type": 1, "markers": [64, 74, 60, 11], "IoU": 0.07939028568903238}}