{"nlayers": 3, "target_layer": 3, "model_type": 1, "markers": [96, 26, 30, 42], "IoU": 0.42367041757160895, "DICE": 0.5951804748380941}