{"nlayers": 3, "target_layer": 3, "model_type": 1, "markers": [96, 26, 30, 42], "IoU": 0.35685426316164115, "DICE": 0.5260023465307554}