{"0": {"nlayers": 2, "target_layer": 2, "model_type": 1, "markers": [1], "IoU": 0.008113908177067263}, "1": {"nlayers": 2, "target_layer": 2, "model_type": 1, "markers": [2], "IoU": 0.009616726281316578}, "2": {"nlayers": 2, "target_layer": 2, "model_type": 1, "markers": [3], "IoU": 0.26868195178151383}, "3": {"nlayers": 2, "target_layer": 2, "model_type": 1, "markers": [4], "IoU": 0.008524060065263869}, "4": {"nlayers": 2, "target_layer": 2, "model_type": 1, "markers": [5], "IoU": 0.13827340898295748}, "5": {"nlayers": 2, "target_layer": 2, "model_type": 1, "markers": [6], "IoU": 0.01053150653840946}, "6": {"nlayers": 2, "target_layer": 2, "model_type": 1, "markers": [7], "IoU": 0.027362109167745827}, "7": {"nlayers": 2, "target_layer": 2, "model_type": 1, "markers": [10], "IoU": 0.017492951338363216}, "8": {"nlayers": 2, "target_layer": 2, "model_type": 1, "markers": [11], "IoU": 0.010033146328064782}, "9": {"nlayers": 2, "target_layer": 2, "model_type": 1, "markers": [14], "IoU": 0.017438170700685495}, "10": {"nlayers": 2, "target_layer": 2, "model_type": 1, "markers": [16], "IoU": 0.01735333418591838}, "11": {"nlayers": 2, "target_layer": 2, "model_type": 1, "markers": [18], "IoU": 0.018953737131122615}, "12": {"nlayers": 2, "target_layer": 2, "model_type": 1, "markers": [20], "IoU": 0.01818271099286881}, "13": {"nlayers": 2, "target_layer": 2, "model_type": 1, "markers": [22], "IoU": 0.008571845548962185}, "14": {"nlayers": 2, "target_layer": 2, "model_type": 1, "markers": [24], "IoU": 0.023577609816967066}, "15": {"nlayers": 2, "target_layer": 2, "model_type": 1, "markers": [26], "IoU": 0.01899797370924928}, "16": {"nlayers": 2, "target_layer": 2, "model_type": 1, "markers": [28], "IoU": 0.007952003371557145}, "17": {"nlayers": 2, "target_layer": 2, "model_type": 1, "markers": [30], "IoU": 0.2585485843854224}, "18": {"nlayers": 2, "target_layer": 2, "model_type": 1, "markers": [32], "IoU": 0.019105302694678725}, "19": {"nlayers": 2, "target_layer": 2, "model_type": 1, "markers": [34], "IoU": 0.07384260519770662}, "20": {"nlayers": 2, "target_layer": 2, "model_type": 1, "markers": [35], "IoU": 0.04617856632662811}, "21": {"nlayers": 2, "target_layer": 2, "model_type": 1, "markers": [38], "IoU": 0.017993485900968383}, "22": {"nlayers": 2, "target_layer": 2, "model_type": 1, "markers": [40], "IoU": 0.017533737216638087}, "23": {"nlayers": 2, "target_layer": 2, "model_type": 1, "markers": [42], "IoU": 0.2489748993426494}, "24": {"nlayers": 2, "target_layer": 2, "model_type": 1, "markers": [44], "IoU": 0.03872671222824719}, "25": {"nlayers": 2, "target_layer": 2, "model_type": 1, "markers": [46], "IoU": 0.01835385598743813}, "26": {"nlayers": 2, "target_layer": 2, "model_type": 1, "markers": [48], "IoU": 0.019327890812378942}, "27": {"nlayers": 2, "target_layer": 2, "model_type": 1, "markers": [50], "IoU": 0.0111194530869495}, "28": {"nlayers": 2, "target_layer": 2, "model_type": 1, "markers": [52], "IoU": 0.018565201455585992}, "29": {"nlayers": 2, "target_layer": 2, "model_type": 1, "markers": [54], "IoU": 0.054177658625361606}, "30": {"nlayers": 2, "target_layer": 2, "model_type": 1, "markers": [56], "IoU": 0.02813427159984908}, "31": {"nlayers": 2, "target_layer": 2, "model_type": 1, "markers": [58], "IoU": 0.009185828950944544}, "32": {"nlayers": 2, "target_layer": 2, "model_type": 1, "markers": [60], "IoU": 0.007815811171037914}, "33": {"nlayers": 2, "target_layer": 2, "model_type": 1, "markers": [62], "IoU": 0.20591468964875714}, "34": {"nlayers": 2, "target_layer": 2, "model_type": 1, "markers": [64], "IoU": 0.00897767778750254}, "35": {"nlayers": 2, "target_layer": 2, "model_type": 1, "markers": [66], "IoU": 0.01851332317402766}, "36": {"nlayers": 2, "target_layer": 2, "model_type": 1, "markers": [67], "IoU": 0.01073468039859366}, "37": {"nlayers": 2, "target_layer": 2, "model_type": 1, "markers": [70], "IoU": 0.01829861205431964}, "38": {"nlayers": 2, "target_layer": 2, "model_type": 1, "markers": [71], "IoU": 0.026445052482200634}, "39": {"nlayers": 2, "target_layer": 2, "model_type": 1, "markers": [74], "IoU": 0.0179414192196964}, "40": {"nlayers": 2, "target_layer": 2, "model_type": 1, "markers": [75], "IoU": 0.018302291302176}, "41": {"nlayers": 2, "target_layer": 2, "model_type": 1, "markers": [78], "IoU": 0.0343923795030212}, "42": {"nlayers": 2, "target_layer": 2, "model_type": 1, "markers": [79], "IoU": 0.0351329329468435}, "43": {"nlayers": 2, "target_layer": 2, "model_type": 1, "markers": [81], "IoU": 0.034685957200357546}, "44": {"nlayers": 2, "target_layer": 2, "model_type": 1, "markers": [84], "IoU": 0.0734659845429512}, "45": {"nlayers": 2, "target_layer": 2, "model_type": 1, "markers": [86], "IoU": 0.045319790960042426}, "46": {"nlayers": 2, "target_layer": 2, "model_type": 1, "markers": [87], "IoU": 0.06414841908754444}, "47": {"nlayers": 2, "target_layer": 2, "model_type": 1, "markers": [89], "IoU": 0.03624376893367854}, "48": {"nlayers": 2, "target_layer": 2, "model_type": 1, "markers": [92], "IoU": 0.023168403145787882}, "49": {"nlayers": 2, "target_layer": 2, "model_type": 1, "markers": [93], "IoU": 0.018669261229301657}, "50": {"nlayers": 2, "target_layer": 2, "model_type": 1, "markers": [96], "IoU": 0.01891749975779242}}