{"0": {"nlayers": 2, "target_layer": 2, "model_type": 1, "markers": [1, 3, 42], "IoU": 0.2170431713081943}, "1": {"nlayers": 2, "target_layer": 2, "model_type": 1, "markers": [2, 3, 42], "IoU": 0.22635051840496612}, "2": {"nlayers": 2, "target_layer": 2, "model_type": 1, "markers": [4, 3, 42], "IoU": 0.009524939498985023}, "3": {"nlayers": 2, "target_layer": 2, "model_type": 1, "markers": [5, 3, 42], "IoU": 0.2785675914846539}, "4": {"nlayers": 2, "target_layer": 2, "model_type": 1, "markers": [6, 3, 42], "IoU": 0.0960938584047535}, "5": {"nlayers": 2, "target_layer": 2, "model_type": 1, "markers": [7, 3, 42], "IoU": 0.024729868755861487}, "6": {"nlayers": 2, "target_layer": 2, "model_type": 1, "markers": [10, 3, 42], "IoU": 0.15671444195415932}, "7": {"nlayers": 2, "target_layer": 2, "model_type": 1, "markers": [11, 3, 42], "IoU": 0.24705233436819193}, "8": {"nlayers": 2, "target_layer": 2, "model_type": 1, "markers": [14, 3, 42], "IoU": 0.20800669417360998}, "9": {"nlayers": 2, "target_layer": 2, "model_type": 1, "markers": [16, 3, 42], "IoU": 0.15676559090323797}, "10": {"nlayers": 2, "target_layer": 2, "model_type": 1, "markers": [18, 3, 42], "IoU": 0.01644783234735026}, "11": {"nlayers": 2, "target_layer": 2, "model_type": 1, "markers": [20, 3, 42], "IoU": 0.1224112989798593}, "12": {"nlayers": 2, "target_layer": 2, "model_type": 1, "markers": [22, 3, 42], "IoU": 0.1971818608603458}, "13": {"nlayers": 2, "target_layer": 2, "model_type": 1, "markers": [24, 3, 42], "IoU": 0.33766721695990193}, "14": {"nlayers": 2, "target_layer": 2, "model_type": 1, "markers": [26, 3, 42], "IoU": 0.0064085822434232125}, "15": {"nlayers": 2, "target_layer": 2, "model_type": 1, "markers": [28, 3, 42], "IoU": 0.021923668781951785}, "16": {"nlayers": 2, "target_layer": 2, "model_type": 1, "markers": [30, 3, 42], "IoU": 0.2678188727677378}, "17": {"nlayers": 2, "target_layer": 2, "model_type": 1, "markers": [32, 3, 42], "IoU": 0.26784692766673657}, "18": {"nlayers": 2, "target_layer": 2, "model_type": 1, "markers": [34, 3, 42], "IoU": 0.4583333333333333}, "19": {"nlayers": 2, "target_layer": 2, "model_type": 1, "markers": [35, 3, 42], "IoU": 0.4081282383419689}, "20": {"nlayers": 2, "target_layer": 2, "model_type": 1, "markers": [38, 3, 42], "IoU": 0.14600651785517982}, "21": {"nlayers": 2, "target_layer": 2, "model_type": 1, "markers": [40, 3, 42], "IoU": 0.23946385868441813}, "22": {"nlayers": 2, "target_layer": 2, "model_type": 1, "markers": [44, 3, 42], "IoU": 0.218264792072375}, "23": {"nlayers": 2, "target_layer": 2, "model_type": 1, "markers": [46, 3, 42], "IoU": 0.014001627972638883}, "24": {"nlayers": 2, "target_layer": 2, "model_type": 1, "markers": [48, 3, 42], "IoU": 0.07356705558595374}, "25": {"nlayers": 2, "target_layer": 2, "model_type": 1, "markers": [50, 3, 42], "IoU": 0.08650583782080838}, "26": {"nlayers": 2, "target_layer": 2, "model_type": 1, "markers": [52, 3, 42], "IoU": 0.07455579764439929}, "27": {"nlayers": 2, "target_layer": 2, "model_type": 1, "markers": [54, 3, 42], "IoU": 0.23897601130789947}, "28": {"nlayers": 2, "target_layer": 2, "model_type": 1, "markers": [56, 3, 42], "IoU": 0.20501488947514504}, "29": {"nlayers": 2, "target_layer": 2, "model_type": 1, "markers": [58, 3, 42], "IoU": 0.017566761758426953}, "30": {"nlayers": 2, "target_layer": 2, "model_type": 1, "markers": [60, 3, 42], "IoU": 0.07296208189585876}, "31": {"nlayers": 2, "target_layer": 2, "model_type": 1, "markers": [62, 3, 42], "IoU": 0.2782480971523275}, "32": {"nlayers": 2, "target_layer": 2, "model_type": 1, "markers": [64, 3, 42], "IoU": 0.24894855182111322}, "33": {"nlayers": 2, "target_layer": 2, "model_type": 1, "markers": [66, 3, 42], "IoU": 0.24815003319473825}, "34": {"nlayers": 2, "target_layer": 2, "model_type": 1, "markers": [67, 3, 42], "IoU": 0.03176423921321428}, "35": {"nlayers": 2, "target_layer": 2, "model_type": 1, "markers": [70, 3, 42], "IoU": 0.01904289238383675}, "36": {"nlayers": 2, "target_layer": 2, "model_type": 1, "markers": [71, 3, 42], "IoU": 0.08362837243489436}, "37": {"nlayers": 2, "target_layer": 2, "model_type": 1, "markers": [74, 3, 42], "IoU": 0.006264579863228648}, "38": {"nlayers": 2, "target_layer": 2, "model_type": 1, "markers": [75, 3, 42], "IoU": 0.25967926229630667}, "39": {"nlayers": 2, "target_layer": 2, "model_type": 1, "markers": [78, 3, 42], "IoU": 0.004436486317363546}, "40": {"nlayers": 2, "target_layer": 2, "model_type": 1, "markers": [79, 3, 42], "IoU": 0.03422761046818203}, "41": {"nlayers": 2, "target_layer": 2, "model_type": 1, "markers": [81, 3, 42], "IoU": 0.11631684938414695}, "42": {"nlayers": 2, "target_layer": 2, "model_type": 1, "markers": [84, 3, 42], "IoU": 0.09633872949112765}, "43": {"nlayers": 2, "target_layer": 2, "model_type": 1, "markers": [86, 3, 42], "IoU": 0.006317967712991123}, "44": {"nlayers": 2, "target_layer": 2, "model_type": 1, "markers": [87, 3, 42], "IoU": 0.08730705794737424}, "45": {"nlayers": 2, "target_layer": 2, "model_type": 1, "markers": [89, 3, 42], "IoU": 0.008680158606295703}, "46": {"nlayers": 2, "target_layer": 2, "model_type": 1, "markers": [92, 3, 42], "IoU": 0.0653513537792595}, "47": {"nlayers": 2, "target_layer": 2, "model_type": 1, "markers": [93, 3, 42], "IoU": 0.1475273615283884}, "48": {"nlayers": 2, "target_layer": 2, "model_type": 1, "markers": [96, 3, 42], "IoU": 0.0966727074305997}}