{"0": {"nlayers": 2, "target_layer": 2, "model_type": 1, "markers": [1], "IoU": 0.21690015223520057}, "1": {"nlayers": 2, "target_layer": 2, "model_type": 1, "markers": [2], "IoU": 0.009811496878691804}, "2": {"nlayers": 2, "target_layer": 2, "model_type": 1, "markers": [4], "IoU": 0.026803968764472094}, "3": {"nlayers": 2, "target_layer": 2, "model_type": 1, "markers": [5], "IoU": 0.21636083507953982}, "4": {"nlayers": 2, "target_layer": 2, "model_type": 1, "markers": [6], "IoU": 0.017181595788523126}, "5": {"nlayers": 2, "target_layer": 2, "model_type": 1, "markers": [7], "IoU": 0.02657100161942198}, "6": {"nlayers": 2, "target_layer": 2, "model_type": 1, "markers": [10], "IoU": 0.10480496781781513}, "7": {"nlayers": 2, "target_layer": 2, "model_type": 1, "markers": [11], "IoU": 0.06708958205833991}, "8": {"nlayers": 2, "target_layer": 2, "model_type": 1, "markers": [14], "IoU": 0.07547090913137584}, "9": {"nlayers": 2, "target_layer": 2, "model_type": 1, "markers": [16], "IoU": 0.05367897176218414}, "10": {"nlayers": 2, "target_layer": 2, "model_type": 1, "markers": [18], "IoU": 0.007294464470737762}, "11": {"nlayers": 2, "target_layer": 2, "model_type": 1, "markers": [20], "IoU": 0.20900360364884893}, "12": {"nlayers": 2, "target_layer": 2, "model_type": 1, "markers": [22], "IoU": 0.1243379310172507}, "13": {"nlayers": 2, "target_layer": 2, "model_type": 1, "markers": [24], "IoU": 0.01579487702752409}, "14": {"nlayers": 2, "target_layer": 2, "model_type": 1, "markers": [26], "IoU": 0.1682054595255769}, "15": {"nlayers": 2, "target_layer": 2, "model_type": 1, "markers": [28], "IoU": 0.07447809880688368}, "16": {"nlayers": 2, "target_layer": 2, "model_type": 1, "markers": [30], "IoU": 0.22693109157490868}, "17": {"nlayers": 2, "target_layer": 2, "model_type": 1, "markers": [32], "IoU": 0.00418141723513172}, "18": {"nlayers": 2, "target_layer": 2, "model_type": 1, "markers": [34], "IoU": 0.010922139427005288}, "19": {"nlayers": 2, "target_layer": 2, "model_type": 1, "markers": [35], "IoU": 0.4583333333333333}, "20": {"nlayers": 2, "target_layer": 2, "model_type": 1, "markers": [38], "IoU": 0.07349978351628463}, "21": {"nlayers": 2, "target_layer": 2, "model_type": 1, "markers": [40], "IoU": 0.10351735072792027}, "22": {"nlayers": 2, "target_layer": 2, "model_type": 1, "markers": [42], "IoU": 0.2984353630468878}, "23": {"nlayers": 2, "target_layer": 2, "model_type": 1, "markers": [44], "IoU": 0.06362592947603193}, "24": {"nlayers": 2, "target_layer": 2, "model_type": 1, "markers": [46], "IoU": 0.1159722449440627}, "25": {"nlayers": 2, "target_layer": 2, "model_type": 1, "markers": [48], "IoU": 0.032438461513369626}, "26": {"nlayers": 2, "target_layer": 2, "model_type": 1, "markers": [50], "IoU": 0.008931778801409607}, "27": {"nlayers": 2, "target_layer": 2, "model_type": 1, "markers": [52], "IoU": 0.09427263283444458}, "28": {"nlayers": 2, "target_layer": 2, "model_type": 1, "markers": [54], "IoU": 0.20805820229902672}, "29": {"nlayers": 2, "target_layer": 2, "model_type": 1, "markers": [56], "IoU": 0.07666125393764217}, "30": {"nlayers": 2, "target_layer": 2, "model_type": 1, "markers": [58], "IoU": 0.007089482153080701}, "31": {"nlayers": 2, "target_layer": 2, "model_type": 1, "markers": [60], "IoU": 0.011022170771458182}, "32": {"nlayers": 2, "target_layer": 2, "model_type": 1, "markers": [62], "IoU": 0.22712047692490903}, "33": {"nlayers": 2, "target_layer": 2, "model_type": 1, "markers": [64], "IoU": 0.11240732242742935}, "34": {"nlayers": 2, "target_layer": 2, "model_type": 1, "markers": [66], "IoU": 0.033087962533915875}, "35": {"nlayers": 2, "target_layer": 2, "model_type": 1, "markers": [67], "IoU": 0.013070280585954568}, "36": {"nlayers": 2, "target_layer": 2, "model_type": 1, "markers": [70], "IoU": 0.010256779875384932}, "37": {"nlayers": 2, "target_layer": 2, "model_type": 1, "markers": [71], "IoU": 0.04924934080328042}, "38": {"nlayers": 2, "target_layer": 2, "model_type": 1, "markers": [74], "IoU": 0.00756357479638022}, "39": {"nlayers": 2, "target_layer": 2, "model_type": 1, "markers": [75], "IoU": 0.005912208812114868}, "40": {"nlayers": 2, "target_layer": 2, "model_type": 1, "markers": [78], "IoU": 0.12857186556191702}, "41": {"nlayers": 2, "target_layer": 2, "model_type": 1, "markers": [79], "IoU": 0.01801652870520237}, "42": {"nlayers": 2, "target_layer": 2, "model_type": 1, "markers": [81], "IoU": 0.00785021038255806}, "43": {"nlayers": 2, "target_layer": 2, "model_type": 1, "markers": [84], "IoU": 0.10888773416668533}, "44": {"nlayers": 2, "target_layer": 2, "model_type": 1, "markers": [86], "IoU": 0.0183748175449047}, "45": {"nlayers": 2, "target_layer": 2, "model_type": 1, "markers": [87], "IoU": 0.04508739686665234}, "46": {"nlayers": 2, "target_layer": 2, "model_type": 1, "markers": [89], "IoU": 0.019789739404508906}, "47": {"nlayers": 2, "target_layer": 2, "model_type": 1, "markers": [92], "IoU": 0.012679664297127543}, "48": {"nlayers": 2, "target_layer": 2, "model_type": 1, "markers": [93], "IoU": 0.006679231519665999}, "49": {"nlayers": 2, "target_layer": 2, "model_type": 1, "markers": [96], "IoU": 0.01777618517013997}}