{"0": {"nlayers": 2, "target_layer": 2, "model_type": 1, "markers": [1, 3, 42, 24], "IoU": 0.19734178825274729}, "1": {"nlayers": 2, "target_layer": 2, "model_type": 1, "markers": [2, 3, 42, 24], "IoU": 0.21982160681832977}, "2": {"nlayers": 2, "target_layer": 2, "model_type": 1, "markers": [4, 3, 42, 24], "IoU": 0.035232413474580164}, "3": {"nlayers": 2, "target_layer": 2, "model_type": 1, "markers": [5, 3, 42, 24], "IoU": 0.4583333333333333}, "4": {"nlayers": 2, "target_layer": 2, "model_type": 1, "markers": [6, 3, 42, 24], "IoU": 0.049883164272330416}, "5": {"nlayers": 2, "target_layer": 2, "model_type": 1, "markers": [7, 3, 42, 24], "IoU": 0.025197920902352188}, "6": {"nlayers": 2, "target_layer": 2, "model_type": 1, "markers": [10, 3, 42, 24], "IoU": 0.1780442889978456}, "7": {"nlayers": 2, "target_layer": 2, "model_type": 1, "markers": [11, 3, 42, 24], "IoU": 0.19871007621582068}, "8": {"nlayers": 2, "target_layer": 2, "model_type": 1, "markers": [14, 3, 42, 24], "IoU": 0.24991390056549032}, "9": {"nlayers": 2, "target_layer": 2, "model_type": 1, "markers": [16, 3, 42, 24], "IoU": 0.20908575324139567}, "10": {"nlayers": 2, "target_layer": 2, "model_type": 1, "markers": [18, 3, 42, 24], "IoU": 0.015734666690485958}, "11": {"nlayers": 2, "target_layer": 2, "model_type": 1, "markers": [20, 3, 42, 24], "IoU": 0.23736527464626125}, "12": {"nlayers": 2, "target_layer": 2, "model_type": 1, "markers": [22, 3, 42, 24], "IoU": 0.1674393553728044}, "13": {"nlayers": 2, "target_layer": 2, "model_type": 1, "markers": [26, 3, 42, 24], "IoU": 0.12528643114050353}, "14": {"nlayers": 2, "target_layer": 2, "model_type": 1, "markers": [28, 3, 42, 24], "IoU": 0.1774386991918473}, "15": {"nlayers": 2, "target_layer": 2, "model_type": 1, "markers": [30, 3, 42, 24], "IoU": 0.2995147749224747}, "16": {"nlayers": 2, "target_layer": 2, "model_type": 1, "markers": [32, 3, 42, 24], "IoU": 0.26980475612192517}, "17": {"nlayers": 2, "target_layer": 2, "model_type": 1, "markers": [34, 3, 42, 24], "IoU": 0.4479166666666667}, "18": {"nlayers": 2, "target_layer": 2, "model_type": 1, "markers": [35, 3, 42, 24], "IoU": 0.2492807185005476}, "19": {"nlayers": 2, "target_layer": 2, "model_type": 1, "markers": [38, 3, 42, 24], "IoU": 0.11619258991240278}, "20": {"nlayers": 2, "target_layer": 2, "model_type": 1, "markers": [40, 3, 42, 24], "IoU": 0.11536666533385043}, "21": {"nlayers": 2, "target_layer": 2, "model_type": 1, "markers": [44, 3, 42, 24], "IoU": 0.18528093142556679}, "22": {"nlayers": 2, "target_layer": 2, "model_type": 1, "markers": [46, 3, 42, 24], "IoU": 0.21911681150525172}, "23": {"nlayers": 2, "target_layer": 2, "model_type": 1, "markers": [48, 3, 42, 24], "IoU": 0.10647674068387307}, "24": {"nlayers": 2, "target_layer": 2, "model_type": 1, "markers": [50, 3, 42, 24], "IoU": 0.10673931371640322}, "25": {"nlayers": 2, "target_layer": 2, "model_type": 1, "markers": [52, 3, 42, 24], "IoU": 0.08447631300054602}, "26": {"nlayers": 2, "target_layer": 2, "model_type": 1, "markers": [54, 3, 42, 24], "IoU": 0.18859187384158405}, "27": {"nlayers": 2, "target_layer": 2, "model_type": 1, "markers": [56, 3, 42, 24], "IoU": 0.17133180750341878}, "28": {"nlayers": 2, "target_layer": 2, "model_type": 1, "markers": [58, 3, 42, 24], "IoU": 0.017023566806560742}, "29": {"nlayers": 2, "target_layer": 2, "model_type": 1, "markers": [60, 3, 42, 24], "IoU": 0.0394394741344531}, "30": {"nlayers": 2, "target_layer": 2, "model_type": 1, "markers": [62, 3, 42, 24], "IoU": 0.010731680185594873}, "31": {"nlayers": 2, "target_layer": 2, "model_type": 1, "markers": [64, 3, 42, 24], "IoU": 0.22865529830381207}, "32": {"nlayers": 2, "target_layer": 2, "model_type": 1, "markers": [66, 3, 42, 24], "IoU": 0.2500061812760342}, "33": {"nlayers": 2, "target_layer": 2, "model_type": 1, "markers": [67, 3, 42, 24], "IoU": 0.034071843884935636}, "34": {"nlayers": 2, "target_layer": 2, "model_type": 1, "markers": [70, 3, 42, 24], "IoU": 0.027495929209439694}, "35": {"nlayers": 2, "target_layer": 2, "model_type": 1, "markers": [71, 3, 42, 24], "IoU": 0.08131436014036562}, "36": {"nlayers": 2, "target_layer": 2, "model_type": 1, "markers": [74, 3, 42, 24], "IoU": 0.007190288943591197}, "37": {"nlayers": 2, "target_layer": 2, "model_type": 1, "markers": [75, 3, 42, 24], "IoU": 0.20838352818612846}, "38": {"nlayers": 2, "target_layer": 2, "model_type": 1, "markers": [78, 3, 42, 24], "IoU": 0.41671329453894357}, "39": {"nlayers": 2, "target_layer": 2, "model_type": 1, "markers": [79, 3, 42, 24], "IoU": 0.04379422199092501}, "40": {"nlayers": 2, "target_layer": 2, "model_type": 1, "markers": [81, 3, 42, 24], "IoU": 0.13582365235612803}, "41": {"nlayers": 2, "target_layer": 2, "model_type": 1, "markers": [84, 3, 42, 24], "IoU": 0.2281630825319326}, "42": {"nlayers": 2, "target_layer": 2, "model_type": 1, "markers": [86, 3, 42, 24], "IoU": 0.07366463606747076}, "43": {"nlayers": 2, "target_layer": 2, "model_type": 1, "markers": [87, 3, 42, 24], "IoU": 0.1780632888883087}, "44": {"nlayers": 2, "target_layer": 2, "model_type": 1, "markers": [89, 3, 42, 24], "IoU": 0.026259770162048446}, "45": {"nlayers": 2, "target_layer": 2, "model_type": 1, "markers": [92, 3, 42, 24], "IoU": 0.19925701629126516}, "46": {"nlayers": 2, "target_layer": 2, "model_type": 1, "markers": [93, 3, 42, 24], "IoU": 0.1267562094976497}, "47": {"nlayers": 2, "target_layer": 2, "model_type": 1, "markers": [96, 3, 42, 24], "IoU": 0.10673924903234984}}