{"0": {"nlayers": 2, "target_layer": 2, "model_type": 1, "markers": [1, 3, 42, 24, 78], "IoU": 0.11386558210243747}, "1": {"nlayers": 2, "target_layer": 2, "model_type": 1, "markers": [2, 3, 42, 24, 78], "IoU": 0.09347146172084547}, "2": {"nlayers": 2, "target_layer": 2, "model_type": 1, "markers": [4, 3, 42, 24, 78], "IoU": 0.09688518169186715}, "3": {"nlayers": 2, "target_layer": 2, "model_type": 1, "markers": [5, 3, 42, 24, 78], "IoU": 0.0426003925044382}, "4": {"nlayers": 2, "target_layer": 2, "model_type": 1, "markers": [6, 3, 42, 24, 78], "IoU": 0.026318550291387466}, "5": {"nlayers": 2, "target_layer": 2, "model_type": 1, "markers": [7, 3, 42, 24, 78], "IoU": 0.015655748599817467}, "6": {"nlayers": 2, "target_layer": 2, "model_type": 1, "markers": [10, 3, 42, 24, 78], "IoU": 0.0725662683607535}, "7": {"nlayers": 2, "target_layer": 2, "model_type": 1, "markers": [11, 3, 42, 24, 78], "IoU": 0.0701646318787023}, "8": {"nlayers": 2, "target_layer": 2, "model_type": 1, "markers": [14, 3, 42, 24, 78], "IoU": 0.1976483755331453}, "9": {"nlayers": 2, "target_layer": 2, "model_type": 1, "markers": [16, 3, 42, 24, 78], "IoU": 0.11320745092012419}, "10": {"nlayers": 2, "target_layer": 2, "model_type": 1, "markers": [18, 3, 42, 24, 78], "IoU": 0.016493640376250923}, "11": {"nlayers": 2, "target_layer": 2, "model_type": 1, "markers": [20, 3, 42, 24, 78], "IoU": 0.0566119885796354}, "12": {"nlayers": 2, "target_layer": 2, "model_type": 1, "markers": [22, 3, 42, 24, 78], "IoU": 0.05949198518897577}, "13": {"nlayers": 2, "target_layer": 2, "model_type": 1, "markers": [26, 3, 42, 24, 78], "IoU": 0.026861838961563494}, "14": {"nlayers": 2, "target_layer": 2, "model_type": 1, "markers": [28, 3, 42, 24, 78], "IoU": 0.07272414156799549}, "15": {"nlayers": 2, "target_layer": 2, "model_type": 1, "markers": [30, 3, 42, 24, 78], "IoU": 0.27882176125397146}, "16": {"nlayers": 2, "target_layer": 2, "model_type": 1, "markers": [32, 3, 42, 24, 78], "IoU": 0.18473942545263014}, "17": {"nlayers": 2, "target_layer": 2, "model_type": 1, "markers": [34, 3, 42, 24, 78], "IoU": 0.09439320194219188}, "18": {"nlayers": 2, "target_layer": 2, "model_type": 1, "markers": [35, 3, 42, 24, 78], "IoU": 0.13831138466983323}, "19": {"nlayers": 2, "target_layer": 2, "model_type": 1, "markers": [38, 3, 42, 24, 78], "IoU": 0.037596212964458114}, "20": {"nlayers": 2, "target_layer": 2, "model_type": 1, "markers": [40, 3, 42, 24, 78], "IoU": 0.03867152245424014}, "21": {"nlayers": 2, "target_layer": 2, "model_type": 1, "markers": [44, 3, 42, 24, 78], "IoU": 0.05745620844098897}, "22": {"nlayers": 2, "target_layer": 2, "model_type": 1, "markers": [46, 3, 42, 24, 78], "IoU": 0.08347321964952199}, "23": {"nlayers": 2, "target_layer": 2, "model_type": 1, "markers": [48, 3, 42, 24, 78], "IoU": 0.03938015012984899}, "24": {"nlayers": 2, "target_layer": 2, "model_type": 1, "markers": [50, 3, 42, 24, 78], "IoU": 0.07335377172576575}, "25": {"nlayers": 2, "target_layer": 2, "model_type": 1, "markers": [52, 3, 42, 24, 78], "IoU": 0.051881059519249074}, "26": {"nlayers": 2, "target_layer": 2, "model_type": 1, "markers": [54, 3, 42, 24, 78], "IoU": 0.07368069422914332}, "27": {"nlayers": 2, "target_layer": 2, "model_type": 1, "markers": [56, 3, 42, 24, 78], "IoU": 0.043980666360548835}, "28": {"nlayers": 2, "target_layer": 2, "model_type": 1, "markers": [58, 3, 42, 24, 78], "IoU": 0.01654559448575448}, "29": {"nlayers": 2, "target_layer": 2, "model_type": 1, "markers": [60, 3, 42, 24, 78], "IoU": 0.026318600805391945}, "30": {"nlayers": 2, "target_layer": 2, "model_type": 1, "markers": [62, 3, 42, 24, 78], "IoU": 0.012779864868448407}, "31": {"nlayers": 2, "target_layer": 2, "model_type": 1, "markers": [64, 3, 42, 24, 78], "IoU": 0.1006791703792369}, "32": {"nlayers": 2, "target_layer": 2, "model_type": 1, "markers": [66, 3, 42, 24, 78], "IoU": 0.19769578291854595}, "33": {"nlayers": 2, "target_layer": 2, "model_type": 1, "markers": [67, 3, 42, 24, 78], "IoU": 0.018128341133133302}, "34": {"nlayers": 2, "target_layer": 2, "model_type": 1, "markers": [70, 3, 42, 24, 78], "IoU": 0.017306580330657486}, "35": {"nlayers": 2, "target_layer": 2, "model_type": 1, "markers": [71, 3, 42, 24, 78], "IoU": 0.03639106769889763}, "36": {"nlayers": 2, "target_layer": 2, "model_type": 1, "markers": [74, 3, 42, 24, 78], "IoU": 0.007571800403572898}, "37": {"nlayers": 2, "target_layer": 2, "model_type": 1, "markers": [75, 3, 42, 24, 78], "IoU": 0.09133425609795957}, "38": {"nlayers": 2, "target_layer": 2, "model_type": 1, "markers": [79, 3, 42, 24, 78], "IoU": 0.026446423870016333}, "39": {"nlayers": 2, "target_layer": 2, "model_type": 1, "markers": [81, 3, 42, 24, 78], "IoU": 0.092799244025858}, "40": {"nlayers": 2, "target_layer": 2, "model_type": 1, "markers": [84, 3, 42, 24, 78], "IoU": 0.11766857337084595}, "41": {"nlayers": 2, "target_layer": 2, "model_type": 1, "markers": [86, 3, 42, 24, 78], "IoU": 0.012700779540613237}, "42": {"nlayers": 2, "target_layer": 2, "model_type": 1, "markers": [87, 3, 42, 24, 78], "IoU": 0.18804395659749704}, "43": {"nlayers": 2, "target_layer": 2, "model_type": 1, "markers": [89, 3, 42, 24, 78], "IoU": 0.027059306049152132}, "44": {"nlayers": 2, "target_layer": 2, "model_type": 1, "markers": [92, 3, 42, 24, 78], "IoU": 0.12509368459375458}, "45": {"nlayers": 2, "target_layer": 2, "model_type": 1, "markers": [93, 3, 42, 24, 78], "IoU": 0.11640074343266098}, "46": {"nlayers": 2, "target_layer": 2, "model_type": 1, "markers": [96, 3, 42, 24, 78], "IoU": 0.01944786010590094}}