{"0": {"nlayers": 3, "target_layer": 3, "model_type": 1, "markers": [1, 30], "IoU": 0.07694075222852055}, "1": {"nlayers": 3, "target_layer": 3, "model_type": 1, "markers": [2, 30], "IoU": 0.04812590758732933}, "2": {"nlayers": 3, "target_layer": 3, "model_type": 1, "markers": [3, 30], "IoU": 0.2174600802043106}, "3": {"nlayers": 3, "target_layer": 3, "model_type": 1, "markers": [4, 30], "IoU": 0.056704638511043993}, "4": {"nlayers": 3, "target_layer": 3, "model_type": 1, "markers": [5, 30], "IoU": 0.20502770274381524}, "5": {"nlayers": 3, "target_layer": 3, "model_type": 1, "markers": [6, 30], "IoU": 0.009335581660371165}, "6": {"nlayers": 3, "target_layer": 3, "model_type": 1, "markers": [7, 30], "IoU": 0.140878867657169}, "7": {"nlayers": 3, "target_layer": 3, "model_type": 1, "markers": [10, 30], "IoU": 0.07848282008205737}, "8": {"nlayers": 3, "target_layer": 3, "model_type": 1, "markers": [11, 30], "IoU": 0.008165235759765552}, "9": {"nlayers": 3, "target_layer": 3, "model_type": 1, "markers": [14, 30], "IoU": 0.2017007191050313}, "10": {"nlayers": 3, "target_layer": 3, "model_type": 1, "markers": [16, 30], "IoU": 0.04602769677529265}, "11": {"nlayers": 3, "target_layer": 3, "model_type": 1, "markers": [18, 30], "IoU": 0.111747086121797}, "12": {"nlayers": 3, "target_layer": 3, "model_type": 1, "markers": [20, 30], "IoU": 0.17170657682877702}, "13": {"nlayers": 3, "target_layer": 3, "model_type": 1, "markers": [22, 30], "IoU": 0.039994028822724646}, "14": {"nlayers": 3, "target_layer": 3, "model_type": 1, "markers": [24, 30], "IoU": 0.18050998443306923}, "15": {"nlayers": 3, "target_layer": 3, "model_type": 1, "markers": [26, 30], "IoU": 0.2134417606424339}, "16": {"nlayers": 3, "target_layer": 3, "model_type": 1, "markers": [28, 30], "IoU": 0.029572087176474318}, "17": {"nlayers": 3, "target_layer": 3, "model_type": 1, "markers": [32, 30], "IoU": 0.18228954591565918}, "18": {"nlayers": 3, "target_layer": 3, "model_type": 1, "markers": [34, 30], "IoU": 0.17146677432730476}, "19": {"nlayers": 3, "target_layer": 3, "model_type": 1, "markers": [35, 30], "IoU": 0.04855517781740368}, "20": {"nlayers": 3, "target_layer": 3, "model_type": 1, "markers": [38, 30], "IoU": 0.03714873659621367}, "21": {"nlayers": 3, "target_layer": 3, "model_type": 1, "markers": [40, 30], "IoU": 0.059015961193647}, "22": {"nlayers": 3, "target_layer": 3, "model_type": 1, "markers": [42, 30], "IoU": 0.28765009413389325}, "23": {"nlayers": 3, "target_layer": 3, "model_type": 1, "markers": [44, 30], "IoU": 0.12243877844213868}, "24": {"nlayers": 3, "target_layer": 3, "model_type": 1, "markers": [46, 30], "IoU": 0.1726701442048365}, "25": {"nlayers": 3, "target_layer": 3, "model_type": 1, "markers": [48, 30], "IoU": 0.08955992520436164}, "26": {"nlayers": 3, "target_layer": 3, "model_type": 1, "markers": [50, 30], "IoU": 0.16177373964035693}, "27": {"nlayers": 3, "target_layer": 3, "model_type": 1, "markers": [52, 30], "IoU": 0.06748495339632947}, "28": {"nlayers": 3, "target_layer": 3, "model_type": 1, "markers": [54, 30], "IoU": 0.13328168918706554}, "29": {"nlayers": 3, "target_layer": 3, "model_type": 1, "markers": [56, 30], "IoU": 0.006368727174973586}, "30": {"nlayers": 3, "target_layer": 3, "model_type": 1, "markers": [58, 30], "IoU": 0.05913111860936195}, "31": {"nlayers": 3, "target_layer": 3, "model_type": 1, "markers": [60, 30], "IoU": 0.0593420962119312}, "32": {"nlayers": 3, "target_layer": 3, "model_type": 1, "markers": [62, 30], "IoU": 0.22408123295492166}, "33": {"nlayers": 3, "target_layer": 3, "model_type": 1, "markers": [64, 30], "IoU": 0.05796624699345787}, "34": {"nlayers": 3, "target_layer": 3, "model_type": 1, "markers": [66, 30], "IoU": 0.10943882219212732}, "35": {"nlayers": 3, "target_layer": 3, "model_type": 1, "markers": [67, 30], "IoU": 0.024180098010292823}, "36": {"nlayers": 3, "target_layer": 3, "model_type": 1, "markers": [70, 30], "IoU": 0.18095169048506796}, "37": {"nlayers": 3, "target_layer": 3, "model_type": 1, "markers": [71, 30], "IoU": 0.08803231274253365}, "38": {"nlayers": 3, "target_layer": 3, "model_type": 1, "markers": [74, 30], "IoU": 0.10037631210552134}, "39": {"nlayers": 3, "target_layer": 3, "model_type": 1, "markers": [75, 30], "IoU": 0.1301376396456634}, "40": {"nlayers": 3, "target_layer": 3, "model_type": 1, "markers": [78, 30], "IoU": 0.21313435944670447}, "41": {"nlayers": 3, "target_layer": 3, "model_type": 1, "markers": [79, 30], "IoU": 0.22368469204866281}, "42": {"nlayers": 3, "target_layer": 3, "model_type": 1, "markers": [81, 30], "IoU": 0.24408394991001744}, "43": {"nlayers": 3, "target_layer": 3, "model_type": 1, "markers": [84, 30], "IoU": 0.28364836429242907}, "44": {"nlayers": 3, "target_layer": 3, "model_type": 1, "markers": [86, 30], "IoU": 0.13048824589482197}, "45": {"nlayers": 3, "target_layer": 3, "model_type": 1, "markers": [87, 30], "IoU": 0.24291717676453028}, "46": {"nlayers": 3, "target_layer": 3, "model_type": 1, "markers": [89, 30], "IoU": 0.24411092722859618}, "47": {"nlayers": 3, "target_layer": 3, "model_type": 1, "markers": [92, 30], "IoU": 0.139107336702442}, "48": {"nlayers": 3, "target_layer": 3, "model_type": 1, "markers": [93, 30], "IoU": 0.1717913513430631}, "49": {"nlayers": 3, "target_layer": 3, "model_type": 1, "markers": [96, 30], "IoU": 0.18198952187870374}}