{"0": {"nlayers": 3, "target_layer": 3, "model_type": 1, "markers": [1, 30, 42], "IoU": 0.1834624294127034}, "1": {"nlayers": 3, "target_layer": 3, "model_type": 1, "markers": [2, 30, 42], "IoU": 0.14248977027391832}, "2": {"nlayers": 3, "target_layer": 3, "model_type": 1, "markers": [3, 30, 42], "IoU": 0.2157989910128356}, "3": {"nlayers": 3, "target_layer": 3, "model_type": 1, "markers": [4, 30, 42], "IoU": 0.11178433870963217}, "4": {"nlayers": 3, "target_layer": 3, "model_type": 1, "markers": [5, 30, 42], "IoU": 0.22548509975620612}, "5": {"nlayers": 3, "target_layer": 3, "model_type": 1, "markers": [6, 30, 42], "IoU": 0.1641218632880081}, "6": {"nlayers": 3, "target_layer": 3, "model_type": 1, "markers": [7, 30, 42], "IoU": 0.22541956488490175}, "7": {"nlayers": 3, "target_layer": 3, "model_type": 1, "markers": [10, 30, 42], "IoU": 0.23530323121257682}, "8": {"nlayers": 3, "target_layer": 3, "model_type": 1, "markers": [11, 30, 42], "IoU": 0.06957408770205163}, "9": {"nlayers": 3, "target_layer": 3, "model_type": 1, "markers": [14, 30, 42], "IoU": 0.18318344776656084}, "10": {"nlayers": 3, "target_layer": 3, "model_type": 1, "markers": [16, 30, 42], "IoU": 0.1532235622088273}, "11": {"nlayers": 3, "target_layer": 3, "model_type": 1, "markers": [18, 30, 42], "IoU": 0.19464230308692612}, "12": {"nlayers": 3, "target_layer": 3, "model_type": 1, "markers": [20, 30, 42], "IoU": 0.21505851881780905}, "13": {"nlayers": 3, "target_layer": 3, "model_type": 1, "markers": [22, 30, 42], "IoU": 0.12239949567293103}, "14": {"nlayers": 3, "target_layer": 3, "model_type": 1, "markers": [24, 30, 42], "IoU": 0.1638079743653813}, "15": {"nlayers": 3, "target_layer": 3, "model_type": 1, "markers": [26, 30, 42], "IoU": 0.3057725974937225}, "16": {"nlayers": 3, "target_layer": 3, "model_type": 1, "markers": [28, 30, 42], "IoU": 0.07160500645659432}, "17": {"nlayers": 3, "target_layer": 3, "model_type": 1, "markers": [32, 30, 42], "IoU": 0.23533704745187148}, "18": {"nlayers": 3, "target_layer": 3, "model_type": 1, "markers": [34, 30, 42], "IoU": 0.11899203712996209}, "19": {"nlayers": 3, "target_layer": 3, "model_type": 1, "markers": [35, 30, 42], "IoU": 0.23408560002468656}, "20": {"nlayers": 3, "target_layer": 3, "model_type": 1, "markers": [38, 30, 42], "IoU": 0.07966960552680474}, "21": {"nlayers": 3, "target_layer": 3, "model_type": 1, "markers": [40, 30, 42], "IoU": 0.18349182347849355}, "22": {"nlayers": 3, "target_layer": 3, "model_type": 1, "markers": [44, 30, 42], "IoU": 0.06236488946625294}, "23": {"nlayers": 3, "target_layer": 3, "model_type": 1, "markers": [46, 30, 42], "IoU": 0.22534896855361986}, "24": {"nlayers": 3, "target_layer": 3, "model_type": 1, "markers": [48, 30, 42], "IoU": 0.2148395001632176}, "25": {"nlayers": 3, "target_layer": 3, "model_type": 1, "markers": [50, 30, 42], "IoU": 0.20536929577124188}, "26": {"nlayers": 3, "target_layer": 3, "model_type": 1, "markers": [52, 30, 42], "IoU": 0.11099304621688842}, "27": {"nlayers": 3, "target_layer": 3, "model_type": 1, "markers": [54, 30, 42], "IoU": 0.2173733776146399}, "28": {"nlayers": 3, "target_layer": 3, "model_type": 1, "markers": [56, 30, 42], "IoU": 0.17468242788557617}, "29": {"nlayers": 3, "target_layer": 3, "model_type": 1, "markers": [58, 30, 42], "IoU": 0.1638087423550269}, "30": {"nlayers": 3, "target_layer": 3, "model_type": 1, "markers": [60, 30, 42], "IoU": 0.08006933856629862}, "31": {"nlayers": 3, "target_layer": 3, "model_type": 1, "markers": [62, 30, 42], "IoU": 0.24558297365311169}, "32": {"nlayers": 3, "target_layer": 3, "model_type": 1, "markers": [64, 30, 42], "IoU": 0.019470251418310203}, "33": {"nlayers": 3, "target_layer": 3, "model_type": 1, "markers": [66, 30, 42], "IoU": 0.2148511167395303}, "34": {"nlayers": 3, "target_layer": 3, "model_type": 1, "markers": [67, 30, 42], "IoU": 0.0337612800191162}, "35": {"nlayers": 3, "target_layer": 3, "model_type": 1, "markers": [70, 30, 42], "IoU": 0.142938155520801}, "36": {"nlayers": 3, "target_layer": 3, "model_type": 1, "markers": [71, 30, 42], "IoU": 0.21457760679372329}, "37": {"nlayers": 3, "target_layer": 3, "model_type": 1, "markers": [74, 30, 42], "IoU": 0.1437348214041265}, "38": {"nlayers": 3, "target_layer": 3, "model_type": 1, "markers": [75, 30, 42], "IoU": 0.22517745857735996}, "39": {"nlayers": 3, "target_layer": 3, "model_type": 1, "markers": [78, 30, 42], "IoU": 0.22445444189783273}, "40": {"nlayers": 3, "target_layer": 3, "model_type": 1, "markers": [79, 30, 42], "IoU": 0.23455935928047345}, "41": {"nlayers": 3, "target_layer": 3, "model_type": 1, "markers": [81, 30, 42], "IoU": 0.2358838576366288}, "42": {"nlayers": 3, "target_layer": 3, "model_type": 1, "markers": [84, 30, 42], "IoU": 0.20520435277075533}, "43": {"nlayers": 3, "target_layer": 3, "model_type": 1, "markers": [86, 30, 42], "IoU": 0.09175220635832755}, "44": {"nlayers": 3, "target_layer": 3, "model_type": 1, "markers": [87, 30, 42], "IoU": 0.1734279167239905}, "45": {"nlayers": 3, "target_layer": 3, "model_type": 1, "markers": [89, 30, 42], "IoU": 0.12973123199783745}, "46": {"nlayers": 3, "target_layer": 3, "model_type": 1, "markers": [92, 30, 42], "IoU": 0.14334775842075984}, "47": {"nlayers": 3, "target_layer": 3, "model_type": 1, "markers": [93, 30, 42], "IoU": 0.272448777631998}, "48": {"nlayers": 3, "target_layer": 3, "model_type": 1, "markers": [96, 30, 42], "IoU": 0.16358009071484644}}