{"0": {"nlayers": 3, "target_layer": 3, "model_type": 1, "markers": [1, 3, 66, 81], "IoU": 0.14446324905147734}, "1": {"nlayers": 3, "target_layer": 3, "model_type": 1, "markers": [2, 3, 66, 81], "IoU": 0.04033217666875906}, "2": {"nlayers": 3, "target_layer": 3, "model_type": 1, "markers": [4, 3, 66, 81], "IoU": 0.007431160750230782}, "3": {"nlayers": 3, "target_layer": 3, "model_type": 1, "markers": [5, 3, 66, 81], "IoU": 0.11231378141952415}, "4": {"nlayers": 3, "target_layer": 3, "model_type": 1, "markers": [6, 3, 66, 81], "IoU": 0.031898938617912445}, "5": {"nlayers": 3, "target_layer": 3, "model_type": 1, "markers": [7, 3, 66, 81], "IoU": 0.04571948344633542}, "6": {"nlayers": 3, "target_layer": 3, "model_type": 1, "markers": [10, 3, 66, 81], "IoU": 0.09274916183414468}, "7": {"nlayers": 3, "target_layer": 3, "model_type": 1, "markers": [11, 3, 66, 81], "IoU": 0.05999839228306129}, "8": {"nlayers": 3, "target_layer": 3, "model_type": 1, "markers": [14, 3, 66, 81], "IoU": 0.21300518774420474}, "9": {"nlayers": 3, "target_layer": 3, "model_type": 1, "markers": [16, 3, 66, 81], "IoU": 0.037602499729869066}, "10": {"nlayers": 3, "target_layer": 3, "model_type": 1, "markers": [18, 3, 66, 81], "IoU": 0.01666197795615347}, "11": {"nlayers": 3, "target_layer": 3, "model_type": 1, "markers": [20, 3, 66, 81], "IoU": 0.02042785783679606}, "12": {"nlayers": 3, "target_layer": 3, "model_type": 1, "markers": [22, 3, 66, 81], "IoU": 0.049465958042889197}, "13": {"nlayers": 3, "target_layer": 3, "model_type": 1, "markers": [24, 3, 66, 81], "IoU": 0.23215775060556712}, "14": {"nlayers": 3, "target_layer": 3, "model_type": 1, "markers": [26, 3, 66, 81], "IoU": 0.1518067005465291}, "15": {"nlayers": 3, "target_layer": 3, "model_type": 1, "markers": [28, 3, 66, 81], "IoU": 0.0502757030564544}, "16": {"nlayers": 3, "target_layer": 3, "model_type": 1, "markers": [30, 3, 66, 81], "IoU": 0.05009010823291299}, "17": {"nlayers": 3, "target_layer": 3, "model_type": 1, "markers": [32, 3, 66, 81], "IoU": 0.009075761675157843}, "18": {"nlayers": 3, "target_layer": 3, "model_type": 1, "markers": [34, 3, 66, 81], "IoU": 0.00792108333150345}, "19": {"nlayers": 3, "target_layer": 3, "model_type": 1, "markers": [35, 3, 66, 81], "IoU": 0.2511224069835291}, "20": {"nlayers": 3, "target_layer": 3, "model_type": 1, "markers": [38, 3, 66, 81], "IoU": 0.06193864914319865}, "21": {"nlayers": 3, "target_layer": 3, "model_type": 1, "markers": [40, 3, 66, 81], "IoU": 0.19293779981539458}, "22": {"nlayers": 3, "target_layer": 3, "model_type": 1, "markers": [42, 3, 66, 81], "IoU": 0.15068856449844953}, "23": {"nlayers": 3, "target_layer": 3, "model_type": 1, "markers": [44, 3, 66, 81], "IoU": 0.08851115291095092}, "24": {"nlayers": 3, "target_layer": 3, "model_type": 1, "markers": [46, 3, 66, 81], "IoU": 0.048024055682901634}, "25": {"nlayers": 3, "target_layer": 3, "model_type": 1, "markers": [48, 3, 66, 81], "IoU": 0.06321951718575557}, "26": {"nlayers": 3, "target_layer": 3, "model_type": 1, "markers": [50, 3, 66, 81], "IoU": 0.1828398543989471}, "27": {"nlayers": 3, "target_layer": 3, "model_type": 1, "markers": [52, 3, 66, 81], "IoU": 0.17306861472350846}, "28": {"nlayers": 3, "target_layer": 3, "model_type": 1, "markers": [54, 3, 66, 81], "IoU": 0.008743107137222894}, "29": {"nlayers": 3, "target_layer": 3, "model_type": 1, "markers": [56, 3, 66, 81], "IoU": 0.16303805592260287}, "30": {"nlayers": 3, "target_layer": 3, "model_type": 1, "markers": [58, 3, 66, 81], "IoU": 0.007026674931938475}, "31": {"nlayers": 3, "target_layer": 3, "model_type": 1, "markers": [60, 3, 66, 81], "IoU": 0.018878584539709222}, "32": {"nlayers": 3, "target_layer": 3, "model_type": 1, "markers": [62, 3, 66, 81], "IoU": 0.01361398634934439}, "33": {"nlayers": 3, "target_layer": 3, "model_type": 1, "markers": [64, 3, 66, 81], "IoU": 0.01854917334918733}, "34": {"nlayers": 3, "target_layer": 3, "model_type": 1, "markers": [67, 3, 66, 81], "IoU": 0.03718570411863519}, "35": {"nlayers": 3, "target_layer": 3, "model_type": 1, "markers": [70, 3, 66, 81], "IoU": 0.02824448405765904}, "36": {"nlayers": 3, "target_layer": 3, "model_type": 1, "markers": [71, 3, 66, 81], "IoU": 0.028617528618144202}, "37": {"nlayers": 3, "target_layer": 3, "model_type": 1, "markers": [74, 3, 66, 81], "IoU": 0.006439463693339952}, "38": {"nlayers": 3, "target_layer": 3, "model_type": 1, "markers": [75, 3, 66, 81], "IoU": 0.11037729925486191}, "39": {"nlayers": 3, "target_layer": 3, "model_type": 1, "markers": [78, 3, 66, 81], "IoU": 0.059934033468178605}, "40": {"nlayers": 3, "target_layer": 3, "model_type": 1, "markers": [79, 3, 66, 81], "IoU": 0.22227099691554666}, "41": {"nlayers": 3, "target_layer": 3, "model_type": 1, "markers": [84, 3, 66, 81], "IoU": 0.28390318566844214}, "42": {"nlayers": 3, "target_layer": 3, "model_type": 1, "markers": [86, 3, 66, 81], "IoU": 0.026229244527153823}, "43": {"nlayers": 3, "target_layer": 3, "model_type": 1, "markers": [87, 3, 66, 81], "IoU": 0.10852927436051235}, "44": {"nlayers": 3, "target_layer": 3, "model_type": 1, "markers": [89, 3, 66, 81], "IoU": 0.20275093037955258}, "45": {"nlayers": 3, "target_layer": 3, "model_type": 1, "markers": [92, 3, 66, 81], "IoU": 0.09651637276323839}, "46": {"nlayers": 3, "target_layer": 3, "model_type": 1, "markers": [93, 3, 66, 81], "IoU": 0.25364608171375697}, "47": {"nlayers": 3, "target_layer": 3, "model_type": 1, "markers": [96, 3, 66, 81], "IoU": 0.012653589406387054}}