{"0": {"nlayers": 3, "target_layer": 3, "model_type": 1, "markers": [1, 3, 81], "IoU": 0.007890382770230209}, "1": {"nlayers": 3, "target_layer": 3, "model_type": 1, "markers": [2, 3, 81], "IoU": 0.027845437347720974}, "2": {"nlayers": 3, "target_layer": 3, "model_type": 1, "markers": [4, 3, 81], "IoU": 0.03133063786865787}, "3": {"nlayers": 3, "target_layer": 3, "model_type": 1, "markers": [5, 3, 81], "IoU": 0.2536649078337629}, "4": {"nlayers": 3, "target_layer": 3, "model_type": 1, "markers": [6, 3, 81], "IoU": 0.00980700002498667}, "5": {"nlayers": 3, "target_layer": 3, "model_type": 1, "markers": [7, 3, 81], "IoU": 0.0264274245371184}, "6": {"nlayers": 3, "target_layer": 3, "model_type": 1, "markers": [10, 3, 81], "IoU": 0.29374989257810574}, "7": {"nlayers": 3, "target_layer": 3, "model_type": 1, "markers": [11, 3, 81], "IoU": 0.00888903955387204}, "8": {"nlayers": 3, "target_layer": 3, "model_type": 1, "markers": [14, 3, 81], "IoU": 0.004222702800750916}, "9": {"nlayers": 3, "target_layer": 3, "model_type": 1, "markers": [16, 3, 81], "IoU": 0.026782018386267595}, "10": {"nlayers": 3, "target_layer": 3, "model_type": 1, "markers": [18, 3, 81], "IoU": 0.006585607072503265}, "11": {"nlayers": 3, "target_layer": 3, "model_type": 1, "markers": [20, 3, 81], "IoU": 0.0153786308555616}, "12": {"nlayers": 3, "target_layer": 3, "model_type": 1, "markers": [22, 3, 81], "IoU": 0.029212888169344198}, "13": {"nlayers": 3, "target_layer": 3, "model_type": 1, "markers": [24, 3, 81], "IoU": 0.02426721399429843}, "14": {"nlayers": 3, "target_layer": 3, "model_type": 1, "markers": [26, 3, 81], "IoU": 0.17708333333333334}, "15": {"nlayers": 3, "target_layer": 3, "model_type": 1, "markers": [28, 3, 81], "IoU": 0.27536240401021056}, "16": {"nlayers": 3, "target_layer": 3, "model_type": 1, "markers": [30, 3, 81], "IoU": 0.014671180505573445}, "17": {"nlayers": 3, "target_layer": 3, "model_type": 1, "markers": [32, 3, 81], "IoU": 0.10073576941019331}, "18": {"nlayers": 3, "target_layer": 3, "model_type": 1, "markers": [34, 3, 81], "IoU": 0.4583333333333333}, "19": {"nlayers": 3, "target_layer": 3, "model_type": 1, "markers": [35, 3, 81], "IoU": 0.4375}, "20": {"nlayers": 3, "target_layer": 3, "model_type": 1, "markers": [38, 3, 81], "IoU": 0.007483368478328003}, "21": {"nlayers": 3, "target_layer": 3, "model_type": 1, "markers": [40, 3, 81], "IoU": 0.024246376492751052}, "22": {"nlayers": 3, "target_layer": 3, "model_type": 1, "markers": [42, 3, 81], "IoU": 0.2330139860780075}, "23": {"nlayers": 3, "target_layer": 3, "model_type": 1, "markers": [44, 3, 81], "IoU": 0.006211179643867672}, "24": {"nlayers": 3, "target_layer": 3, "model_type": 1, "markers": [46, 3, 81], "IoU": 0.01789095142048618}, "25": {"nlayers": 3, "target_layer": 3, "model_type": 1, "markers": [48, 3, 81], "IoU": 0.045400196591661134}, "26": {"nlayers": 3, "target_layer": 3, "model_type": 1, "markers": [50, 3, 81], "IoU": 0.01347959438891907}, "27": {"nlayers": 3, "target_layer": 3, "model_type": 1, "markers": [52, 3, 81], "IoU": 0.0443406767916751}, "28": {"nlayers": 3, "target_layer": 3, "model_type": 1, "markers": [54, 3, 81], "IoU": 0.010717081848766852}, "29": {"nlayers": 3, "target_layer": 3, "model_type": 1, "markers": [56, 3, 81], "IoU": 0.3565381198951299}, "30": {"nlayers": 3, "target_layer": 3, "model_type": 1, "markers": [58, 3, 81], "IoU": 0.006769578217420725}, "31": {"nlayers": 3, "target_layer": 3, "model_type": 1, "markers": [60, 3, 81], "IoU": 0.0023578323159506383}, "32": {"nlayers": 3, "target_layer": 3, "model_type": 1, "markers": [62, 3, 81], "IoU": 0.32298825887743415}, "33": {"nlayers": 3, "target_layer": 3, "model_type": 1, "markers": [64, 3, 81], "IoU": 0.0174267546467623}, "34": {"nlayers": 3, "target_layer": 3, "model_type": 1, "markers": [66, 3, 81], "IoU": 0.4274291365711158}, "35": {"nlayers": 3, "target_layer": 3, "model_type": 1, "markers": [67, 3, 81], "IoU": 0.006952483015834512}, "36": {"nlayers": 3, "target_layer": 3, "model_type": 1, "markers": [70, 3, 81], "IoU": 0.01687825848650527}, "37": {"nlayers": 3, "target_layer": 3, "model_type": 1, "markers": [71, 3, 81], "IoU": 0.017552200106875755}, "38": {"nlayers": 3, "target_layer": 3, "model_type": 1, "markers": [74, 3, 81], "IoU": 0.03379330166198229}, "39": {"nlayers": 3, "target_layer": 3, "model_type": 1, "markers": [75, 3, 81], "IoU": 0.02494448845802812}, "40": {"nlayers": 3, "target_layer": 3, "model_type": 1, "markers": [78, 3, 81], "IoU": 0.4583333333333333}, "41": {"nlayers": 3, "target_layer": 3, "model_type": 1, "markers": [79, 3, 81], "IoU": 0.025850183637049374}, "42": {"nlayers": 3, "target_layer": 3, "model_type": 1, "markers": [84, 3, 81], "IoU": 0.10665024628047858}, "43": {"nlayers": 3, "target_layer": 3, "model_type": 1, "markers": [86, 3, 81], "IoU": 0.014586657720770557}, "44": {"nlayers": 3, "target_layer": 3, "model_type": 1, "markers": [87, 3, 81], "IoU": 0.04482426806550327}, "45": {"nlayers": 3, "target_layer": 3, "model_type": 1, "markers": [89, 3, 81], "IoU": 0.013449106384783591}, "46": {"nlayers": 3, "target_layer": 3, "model_type": 1, "markers": [92, 3, 81], "IoU": 0.00641385953665669}, "47": {"nlayers": 3, "target_layer": 3, "model_type": 1, "markers": [93, 3, 81], "IoU": 0.2005154433653844}, "48": {"nlayers": 3, "target_layer": 3, "model_type": 1, "markers": [96, 3, 81], "IoU": 0.10828203254381245}}