{"0": {"nlayers": 3, "target_layer": 3, "model_type": 1, "markers": [1, 3], "IoU": 0.06649285776632342}, "1": {"nlayers": 3, "target_layer": 3, "model_type": 1, "markers": [2, 3], "IoU": 0.021821409698356376}, "2": {"nlayers": 3, "target_layer": 3, "model_type": 1, "markers": [4, 3], "IoU": 0.026395991410082576}, "3": {"nlayers": 3, "target_layer": 3, "model_type": 1, "markers": [5, 3], "IoU": 0.23791694602315916}, "4": {"nlayers": 3, "target_layer": 3, "model_type": 1, "markers": [6, 3], "IoU": 0.050169929660366826}, "5": {"nlayers": 3, "target_layer": 3, "model_type": 1, "markers": [7, 3], "IoU": 0.01720417153739282}, "6": {"nlayers": 3, "target_layer": 3, "model_type": 1, "markers": [10, 3], "IoU": 0.011991001362073817}, "7": {"nlayers": 3, "target_layer": 3, "model_type": 1, "markers": [11, 3], "IoU": 0.016106728043358883}, "8": {"nlayers": 3, "target_layer": 3, "model_type": 1, "markers": [14, 3], "IoU": 0.2252832255975602}, "9": {"nlayers": 3, "target_layer": 3, "model_type": 1, "markers": [16, 3], "IoU": 0.018186999469879218}, "10": {"nlayers": 3, "target_layer": 3, "model_type": 1, "markers": [18, 3], "IoU": 0.01920277783455545}, "11": {"nlayers": 3, "target_layer": 3, "model_type": 1, "markers": [20, 3], "IoU": 0.008030929624763311}, "12": {"nlayers": 3, "target_layer": 3, "model_type": 1, "markers": [22, 3], "IoU": 0.016239341558197666}, "13": {"nlayers": 3, "target_layer": 3, "model_type": 1, "markers": [24, 3], "IoU": 0.02592326408209399}, "14": {"nlayers": 3, "target_layer": 3, "model_type": 1, "markers": [26, 3], "IoU": 0.11902154451233833}, "15": {"nlayers": 3, "target_layer": 3, "model_type": 1, "markers": [28, 3], "IoU": 0.007226413872200685}, "16": {"nlayers": 3, "target_layer": 3, "model_type": 1, "markers": [30, 3], "IoU": 0.2174600802043106}, "17": {"nlayers": 3, "target_layer": 3, "model_type": 1, "markers": [32, 3], "IoU": 0.010042325993053762}, "18": {"nlayers": 3, "target_layer": 3, "model_type": 1, "markers": [34, 3], "IoU": 0.28250942818511987}, "19": {"nlayers": 3, "target_layer": 3, "model_type": 1, "markers": [35, 3], "IoU": 0.0038426364171467112}, "20": {"nlayers": 3, "target_layer": 3, "model_type": 1, "markers": [38, 3], "IoU": 0.17939823372698296}, "21": {"nlayers": 3, "target_layer": 3, "model_type": 1, "markers": [40, 3], "IoU": 0.11819928009732616}, "22": {"nlayers": 3, "target_layer": 3, "model_type": 1, "markers": [42, 3], "IoU": 0.33607779435084933}, "23": {"nlayers": 3, "target_layer": 3, "model_type": 1, "markers": [44, 3], "IoU": 0.07302088416372027}, "24": {"nlayers": 3, "target_layer": 3, "model_type": 1, "markers": [46, 3], "IoU": 0.04263460201767826}, "25": {"nlayers": 3, "target_layer": 3, "model_type": 1, "markers": [48, 3], "IoU": 0.10205148756156539}, "26": {"nlayers": 3, "target_layer": 3, "model_type": 1, "markers": [50, 3], "IoU": 0.009138479919274141}, "27": {"nlayers": 3, "target_layer": 3, "model_type": 1, "markers": [52, 3], "IoU": 0.05134586352188797}, "28": {"nlayers": 3, "target_layer": 3, "model_type": 1, "markers": [54, 3], "IoU": 0.07613264794567644}, "29": {"nlayers": 3, "target_layer": 3, "model_type": 1, "markers": [56, 3], "IoU": 0.03019808386308719}, "30": {"nlayers": 3, "target_layer": 3, "model_type": 1, "markers": [58, 3], "IoU": 0.027563869560816297}, "31": {"nlayers": 3, "target_layer": 3, "model_type": 1, "markers": [60, 3], "IoU": 0.019181646989474617}, "32": {"nlayers": 3, "target_layer": 3, "model_type": 1, "markers": [62, 3], "IoU": 0.2378046825362452}, "33": {"nlayers": 3, "target_layer": 3, "model_type": 1, "markers": [64, 3], "IoU": 0.037221951584909506}, "34": {"nlayers": 3, "target_layer": 3, "model_type": 1, "markers": [66, 3], "IoU": 0.009818056779967712}, "35": {"nlayers": 3, "target_layer": 3, "model_type": 1, "markers": [67, 3], "IoU": 0.015157452324676461}, "36": {"nlayers": 3, "target_layer": 3, "model_type": 1, "markers": [70, 3], "IoU": 0.030351219853946444}, "37": {"nlayers": 3, "target_layer": 3, "model_type": 1, "markers": [71, 3], "IoU": 0.017172013582837955}, "38": {"nlayers": 3, "target_layer": 3, "model_type": 1, "markers": [74, 3], "IoU": 0.05116031367058662}, "39": {"nlayers": 3, "target_layer": 3, "model_type": 1, "markers": [75, 3], "IoU": 0.011947516387805565}, "40": {"nlayers": 3, "target_layer": 3, "model_type": 1, "markers": [78, 3], "IoU": 0.0057091163158324715}, "41": {"nlayers": 3, "target_layer": 3, "model_type": 1, "markers": [79, 3], "IoU": 0.029485209170451086}, "42": {"nlayers": 3, "target_layer": 3, "model_type": 1, "markers": [81, 3], "IoU": 0.4583333333333333}, "43": {"nlayers": 3, "target_layer": 3, "model_type": 1, "markers": [84, 3], "IoU": 0.3125}, "44": {"nlayers": 3, "target_layer": 3, "model_type": 1, "markers": [86, 3], "IoU": 0.0028913816285489158}, "45": {"nlayers": 3, "target_layer": 3, "model_type": 1, "markers": [87, 3], "IoU": 0.02764382830782748}, "46": {"nlayers": 3, "target_layer": 3, "model_type": 1, "markers": [89, 3], "IoU": 0.13011431170473003}, "47": {"nlayers": 3, "target_layer": 3, "model_type": 1, "markers": [92, 3], "IoU": 0.023524767430028085}, "48": {"nlayers": 3, "target_layer": 3, "model_type": 1, "markers": [93, 3], "IoU": 0.08888718283066888}, "49": {"nlayers": 3, "target_layer": 3, "model_type": 1, "markers": [96, 3], "IoU": 0.025905889367306267}}