{"0": {"nlayers": 2, "target_layer": 2, "model_type": 1, "markers": [1, 30, 42], "IoU": 0.1252552094758597}, "1": {"nlayers": 2, "target_layer": 2, "model_type": 1, "markers": [2, 30, 42], "IoU": 0.1267146500740611}, "2": {"nlayers": 2, "target_layer": 2, "model_type": 1, "markers": [3, 30, 42], "IoU": 0.2678188727677378}, "3": {"nlayers": 2, "target_layer": 2, "model_type": 1, "markers": [4, 30, 42], "IoU": 0.1269083398977027}, "4": {"nlayers": 2, "target_layer": 2, "model_type": 1, "markers": [5, 30, 42], "IoU": 0.23910099859763145}, "5": {"nlayers": 2, "target_layer": 2, "model_type": 1, "markers": [6, 30, 42], "IoU": 0.1682773482069421}, "6": {"nlayers": 2, "target_layer": 2, "model_type": 1, "markers": [7, 30, 42], "IoU": 0.17722394572507957}, "7": {"nlayers": 2, "target_layer": 2, "model_type": 1, "markers": [10, 30, 42], "IoU": 0.1773536926823526}, "8": {"nlayers": 2, "target_layer": 2, "model_type": 1, "markers": [11, 30, 42], "IoU": 0.08571498440954341}, "9": {"nlayers": 2, "target_layer": 2, "model_type": 1, "markers": [14, 30, 42], "IoU": 0.13556201993094355}, "10": {"nlayers": 2, "target_layer": 2, "model_type": 1, "markers": [16, 30, 42], "IoU": 0.13590311356294157}, "11": {"nlayers": 2, "target_layer": 2, "model_type": 1, "markers": [18, 30, 42], "IoU": 0.17745218691023434}, "12": {"nlayers": 2, "target_layer": 2, "model_type": 1, "markers": [20, 30, 42], "IoU": 0.1670717476194853}, "13": {"nlayers": 2, "target_layer": 2, "model_type": 1, "markers": [22, 30, 42], "IoU": 0.12741904340147256}, "14": {"nlayers": 2, "target_layer": 2, "model_type": 1, "markers": [24, 30, 42], "IoU": 0.17732533625021682}, "15": {"nlayers": 2, "target_layer": 2, "model_type": 1, "markers": [26, 30, 42], "IoU": 0.12187409689112744}, "16": {"nlayers": 2, "target_layer": 2, "model_type": 1, "markers": [28, 30, 42], "IoU": 0.11718928422430612}, "17": {"nlayers": 2, "target_layer": 2, "model_type": 1, "markers": [32, 30, 42], "IoU": 0.18773256704012573}, "18": {"nlayers": 2, "target_layer": 2, "model_type": 1, "markers": [34, 30, 42], "IoU": 0.19711870491342423}, "19": {"nlayers": 2, "target_layer": 2, "model_type": 1, "markers": [35, 30, 42], "IoU": 0.21846515347186793}, "20": {"nlayers": 2, "target_layer": 2, "model_type": 1, "markers": [38, 30, 42], "IoU": 0.0957864205147599}, "21": {"nlayers": 2, "target_layer": 2, "model_type": 1, "markers": [40, 30, 42], "IoU": 0.12536223199805596}, "22": {"nlayers": 2, "target_layer": 2, "model_type": 1, "markers": [44, 30, 42], "IoU": 0.13734809369012682}, "23": {"nlayers": 2, "target_layer": 2, "model_type": 1, "markers": [46, 30, 42], "IoU": 0.19807316346430703}, "24": {"nlayers": 2, "target_layer": 2, "model_type": 1, "markers": [48, 30, 42], "IoU": 0.1672443948338694}, "25": {"nlayers": 2, "target_layer": 2, "model_type": 1, "markers": [50, 30, 42], "IoU": 0.1577405482635533}, "26": {"nlayers": 2, "target_layer": 2, "model_type": 1, "markers": [52, 30, 42], "IoU": 0.10633509682691729}, "27": {"nlayers": 2, "target_layer": 2, "model_type": 1, "markers": [54, 30, 42], "IoU": 0.20886859753413492}, "28": {"nlayers": 2, "target_layer": 2, "model_type": 1, "markers": [56, 30, 42], "IoU": 0.18748263391882034}, "29": {"nlayers": 2, "target_layer": 2, "model_type": 1, "markers": [58, 30, 42], "IoU": 0.1569609654381741}, "30": {"nlayers": 2, "target_layer": 2, "model_type": 1, "markers": [60, 30, 42], "IoU": 0.08637205084420808}, "31": {"nlayers": 2, "target_layer": 2, "model_type": 1, "markers": [62, 30, 42], "IoU": 0.25959778049871934}, "32": {"nlayers": 2, "target_layer": 2, "model_type": 1, "markers": [64, 30, 42], "IoU": 0.20822341915056916}, "33": {"nlayers": 2, "target_layer": 2, "model_type": 1, "markers": [66, 30, 42], "IoU": 0.16719685836811257}, "34": {"nlayers": 2, "target_layer": 2, "model_type": 1, "markers": [67, 30, 42], "IoU": 0.10812177025291742}, "35": {"nlayers": 2, "target_layer": 2, "model_type": 1, "markers": [70, 30, 42], "IoU": 0.13684390571226568}, "36": {"nlayers": 2, "target_layer": 2, "model_type": 1, "markers": [71, 30, 42], "IoU": 0.16685395208806297}, "37": {"nlayers": 2, "target_layer": 2, "model_type": 1, "markers": [74, 30, 42], "IoU": 0.16703557977254824}, "38": {"nlayers": 2, "target_layer": 2, "model_type": 1, "markers": [75, 30, 42], "IoU": 0.19802731452419442}, "39": {"nlayers": 2, "target_layer": 2, "model_type": 1, "markers": [78, 30, 42], "IoU": 0.12359560438944732}, "40": {"nlayers": 2, "target_layer": 2, "model_type": 1, "markers": [79, 30, 42], "IoU": 0.14507115474825483}, "41": {"nlayers": 2, "target_layer": 2, "model_type": 1, "markers": [81, 30, 42], "IoU": 0.18792783022587867}, "42": {"nlayers": 2, "target_layer": 2, "model_type": 1, "markers": [84, 30, 42], "IoU": 0.16693247726851113}, "43": {"nlayers": 2, "target_layer": 2, "model_type": 1, "markers": [86, 30, 42], "IoU": 0.25772182714712655}, "44": {"nlayers": 2, "target_layer": 2, "model_type": 1, "markers": [87, 30, 42], "IoU": 0.18772808770118407}, "45": {"nlayers": 2, "target_layer": 2, "model_type": 1, "markers": [89, 30, 42], "IoU": 0.0973055662677329}, "46": {"nlayers": 2, "target_layer": 2, "model_type": 1, "markers": [92, 30, 42], "IoU": 0.16782984973405513}, "47": {"nlayers": 2, "target_layer": 2, "model_type": 1, "markers": [93, 30, 42], "IoU": 0.1472829560663196}, "48": {"nlayers": 2, "target_layer": 2, "model_type": 1, "markers": [96, 30, 42], "IoU": 0.17830597442141302}}