{"0": {"nlayers": 2, "target_layer": 2, "model_type": 1, "markers": [1, 30], "IoU": 0.07233749567220003}, "1": {"nlayers": 2, "target_layer": 2, "model_type": 1, "markers": [2, 30], "IoU": 0.043371162968656396}, "2": {"nlayers": 2, "target_layer": 2, "model_type": 1, "markers": [3, 30], "IoU": 0.22693109157490868}, "3": {"nlayers": 2, "target_layer": 2, "model_type": 1, "markers": [4, 30], "IoU": 0.05068279819116187}, "4": {"nlayers": 2, "target_layer": 2, "model_type": 1, "markers": [5, 30], "IoU": 0.18718733529257167}, "5": {"nlayers": 2, "target_layer": 2, "model_type": 1, "markers": [6, 30], "IoU": 0.08512913753604257}, "6": {"nlayers": 2, "target_layer": 2, "model_type": 1, "markers": [7, 30], "IoU": 0.10452521004111509}, "7": {"nlayers": 2, "target_layer": 2, "model_type": 1, "markers": [10, 30], "IoU": 0.07304718460289433}, "8": {"nlayers": 2, "target_layer": 2, "model_type": 1, "markers": [11, 30], "IoU": 0.018851486845304705}, "9": {"nlayers": 2, "target_layer": 2, "model_type": 1, "markers": [14, 30], "IoU": 0.12362337585732336}, "10": {"nlayers": 2, "target_layer": 2, "model_type": 1, "markers": [16, 30], "IoU": 0.07027211195138966}, "11": {"nlayers": 2, "target_layer": 2, "model_type": 1, "markers": [18, 30], "IoU": 0.10540111511487034}, "12": {"nlayers": 2, "target_layer": 2, "model_type": 1, "markers": [20, 30], "IoU": 0.12342117798882664}, "13": {"nlayers": 2, "target_layer": 2, "model_type": 1, "markers": [22, 30], "IoU": 0.03078722588951711}, "14": {"nlayers": 2, "target_layer": 2, "model_type": 1, "markers": [24, 30], "IoU": 0.11881271962195124}, "15": {"nlayers": 2, "target_layer": 2, "model_type": 1, "markers": [26, 30], "IoU": 0.1345230637320455}, "16": {"nlayers": 2, "target_layer": 2, "model_type": 1, "markers": [28, 30], "IoU": 0.032082097423637684}, "17": {"nlayers": 2, "target_layer": 2, "model_type": 1, "markers": [32, 30], "IoU": 0.14624929001698944}, "18": {"nlayers": 2, "target_layer": 2, "model_type": 1, "markers": [34, 30], "IoU": 0.13399092964373568}, "19": {"nlayers": 2, "target_layer": 2, "model_type": 1, "markers": [35, 30], "IoU": 0.16704970387405652}, "20": {"nlayers": 2, "target_layer": 2, "model_type": 1, "markers": [38, 30], "IoU": 0.041088742197732696}, "21": {"nlayers": 2, "target_layer": 2, "model_type": 1, "markers": [40, 30], "IoU": 0.05249792777217363}, "22": {"nlayers": 2, "target_layer": 2, "model_type": 1, "markers": [42, 30], "IoU": 0.2697130322916057}, "23": {"nlayers": 2, "target_layer": 2, "model_type": 1, "markers": [44, 30], "IoU": 0.12615901937956173}, "24": {"nlayers": 2, "target_layer": 2, "model_type": 1, "markers": [46, 30], "IoU": 0.10487754327649783}, "25": {"nlayers": 2, "target_layer": 2, "model_type": 1, "markers": [48, 30], "IoU": 0.09341927953205159}, "26": {"nlayers": 2, "target_layer": 2, "model_type": 1, "markers": [50, 30], "IoU": 0.10542698258844313}, "27": {"nlayers": 2, "target_layer": 2, "model_type": 1, "markers": [52, 30], "IoU": 0.08298071371893809}, "28": {"nlayers": 2, "target_layer": 2, "model_type": 1, "markers": [54, 30], "IoU": 0.16713945838535138}, "29": {"nlayers": 2, "target_layer": 2, "model_type": 1, "markers": [56, 30], "IoU": 0.12664718575337444}, "30": {"nlayers": 2, "target_layer": 2, "model_type": 1, "markers": [58, 30], "IoU": 0.10470223633186655}, "31": {"nlayers": 2, "target_layer": 2, "model_type": 1, "markers": [60, 30], "IoU": 0.031509261528805906}, "32": {"nlayers": 2, "target_layer": 2, "model_type": 1, "markers": [62, 30], "IoU": 0.19660193909196844}, "33": {"nlayers": 2, "target_layer": 2, "model_type": 1, "markers": [64, 30], "IoU": 0.0722290484636407}, "34": {"nlayers": 2, "target_layer": 2, "model_type": 1, "markers": [66, 30], "IoU": 0.08207182393990374}, "35": {"nlayers": 2, "target_layer": 2, "model_type": 1, "markers": [67, 30], "IoU": 0.0745393217314369}, "36": {"nlayers": 2, "target_layer": 2, "model_type": 1, "markers": [70, 30], "IoU": 0.11107292253095424}, "37": {"nlayers": 2, "target_layer": 2, "model_type": 1, "markers": [71, 30], "IoU": 0.10028015923193474}, "38": {"nlayers": 2, "target_layer": 2, "model_type": 1, "markers": [74, 30], "IoU": 0.12540604112613882}, "39": {"nlayers": 2, "target_layer": 2, "model_type": 1, "markers": [75, 30], "IoU": 0.14477630579524378}, "40": {"nlayers": 2, "target_layer": 2, "model_type": 1, "markers": [78, 30], "IoU": 0.15341898529906936}, "41": {"nlayers": 2, "target_layer": 2, "model_type": 1, "markers": [79, 30], "IoU": 0.176932997909424}, "42": {"nlayers": 2, "target_layer": 2, "model_type": 1, "markers": [81, 30], "IoU": 0.16604157937450179}, "43": {"nlayers": 2, "target_layer": 2, "model_type": 1, "markers": [84, 30], "IoU": 0.19378190336614887}, "44": {"nlayers": 2, "target_layer": 2, "model_type": 1, "markers": [86, 30], "IoU": 0.14355464442688773}, "45": {"nlayers": 2, "target_layer": 2, "model_type": 1, "markers": [87, 30], "IoU": 0.16427302741135943}, "46": {"nlayers": 2, "target_layer": 2, "model_type": 1, "markers": [89, 30], "IoU": 0.17675006836633153}, "47": {"nlayers": 2, "target_layer": 2, "model_type": 1, "markers": [92, 30], "IoU": 0.0875538392029811}, "48": {"nlayers": 2, "target_layer": 2, "model_type": 1, "markers": [93, 30], "IoU": 0.1239643863196897}, "49": {"nlayers": 2, "target_layer": 2, "model_type": 1, "markers": [96, 30], "IoU": 0.1253946789107444}}