{"0": {"nlayers": 2, "target_layer": 2, "model_type": 1, "markers": [1, 30, 42, 86], "IoU": 0.187740276051328}, "1": {"nlayers": 2, "target_layer": 2, "model_type": 1, "markers": [2, 30, 42, 86], "IoU": 0.14649584441056393}, "2": {"nlayers": 2, "target_layer": 2, "model_type": 1, "markers": [3, 30, 42, 86], "IoU": 0.24762260901519575}, "3": {"nlayers": 2, "target_layer": 2, "model_type": 1, "markers": [4, 30, 42, 86], "IoU": 0.1358627958744021}, "4": {"nlayers": 2, "target_layer": 2, "model_type": 1, "markers": [5, 30, 42, 86], "IoU": 0.198447690522655}, "5": {"nlayers": 2, "target_layer": 2, "model_type": 1, "markers": [6, 30, 42, 86], "IoU": 0.1672641937210085}, "6": {"nlayers": 2, "target_layer": 2, "model_type": 1, "markers": [7, 30, 42, 86], "IoU": 0.21885589949167528}, "7": {"nlayers": 2, "target_layer": 2, "model_type": 1, "markers": [10, 30, 42, 86], "IoU": 0.20862600975484638}, "8": {"nlayers": 2, "target_layer": 2, "model_type": 1, "markers": [11, 30, 42, 86], "IoU": 0.10661322557971468}, "9": {"nlayers": 2, "target_layer": 2, "model_type": 1, "markers": [14, 30, 42, 86], "IoU": 0.15644106019987528}, "10": {"nlayers": 2, "target_layer": 2, "model_type": 1, "markers": [16, 30, 42, 86], "IoU": 0.16692517936214388}, "11": {"nlayers": 2, "target_layer": 2, "model_type": 1, "markers": [18, 30, 42, 86], "IoU": 0.19816868664644516}, "12": {"nlayers": 2, "target_layer": 2, "model_type": 1, "markers": [20, 30, 42, 86], "IoU": 0.1878282867641652}, "13": {"nlayers": 2, "target_layer": 2, "model_type": 1, "markers": [22, 30, 42, 86], "IoU": 0.13576438999983662}, "14": {"nlayers": 2, "target_layer": 2, "model_type": 1, "markers": [24, 30, 42, 86], "IoU": 0.17735323427699676}, "15": {"nlayers": 2, "target_layer": 2, "model_type": 1, "markers": [26, 30, 42, 86], "IoU": 0.16665038336438998}, "16": {"nlayers": 2, "target_layer": 2, "model_type": 1, "markers": [28, 30, 42, 86], "IoU": 0.12629130870357366}, "17": {"nlayers": 2, "target_layer": 2, "model_type": 1, "markers": [32, 30, 42, 86], "IoU": 0.2188712931312483}, "18": {"nlayers": 2, "target_layer": 2, "model_type": 1, "markers": [34, 30, 42, 86], "IoU": 0.23894180770997994}, "19": {"nlayers": 2, "target_layer": 2, "model_type": 1, "markers": [35, 30, 42, 86], "IoU": 0.21857179020737072}, "20": {"nlayers": 2, "target_layer": 2, "model_type": 1, "markers": [38, 30, 42, 86], "IoU": 0.11548040672676917}, "21": {"nlayers": 2, "target_layer": 2, "model_type": 1, "markers": [40, 30, 42, 86], "IoU": 0.1670232028583897}, "22": {"nlayers": 2, "target_layer": 2, "model_type": 1, "markers": [44, 30, 42, 86], "IoU": 0.1885665663355773}, "23": {"nlayers": 2, "target_layer": 2, "model_type": 1, "markers": [46, 30, 42, 86], "IoU": 0.20857670795958919}, "24": {"nlayers": 2, "target_layer": 2, "model_type": 1, "markers": [48, 30, 42, 86], "IoU": 0.18768759236743474}, "25": {"nlayers": 2, "target_layer": 2, "model_type": 1, "markers": [50, 30, 42, 86], "IoU": 0.16810529593494797}, "26": {"nlayers": 2, "target_layer": 2, "model_type": 1, "markers": [52, 30, 42, 86], "IoU": 0.13673701519588666}, "27": {"nlayers": 2, "target_layer": 2, "model_type": 1, "markers": [54, 30, 42, 86], "IoU": 0.19838001425710852}, "28": {"nlayers": 2, "target_layer": 2, "model_type": 1, "markers": [56, 30, 42, 86], "IoU": 0.19794944908315112}, "29": {"nlayers": 2, "target_layer": 2, "model_type": 1, "markers": [58, 30, 42, 86], "IoU": 0.17741601321819397}, "30": {"nlayers": 2, "target_layer": 2, "model_type": 1, "markers": [60, 30, 42, 86], "IoU": 0.12628740866150057}, "31": {"nlayers": 2, "target_layer": 2, "model_type": 1, "markers": [62, 30, 42, 86], "IoU": 0.18782936740762568}, "32": {"nlayers": 2, "target_layer": 2, "model_type": 1, "markers": [64, 30, 42, 86], "IoU": 0.2186140506618599}, "33": {"nlayers": 2, "target_layer": 2, "model_type": 1, "markers": [66, 30, 42, 86], "IoU": 0.19816279999124753}, "34": {"nlayers": 2, "target_layer": 2, "model_type": 1, "markers": [67, 30, 42, 86], "IoU": 0.1265460107353387}, "35": {"nlayers": 2, "target_layer": 2, "model_type": 1, "markers": [70, 30, 42, 86], "IoU": 0.1776322709567252}, "36": {"nlayers": 2, "target_layer": 2, "model_type": 1, "markers": [71, 30, 42, 86], "IoU": 0.19827699195363235}, "37": {"nlayers": 2, "target_layer": 2, "model_type": 1, "markers": [74, 30, 42, 86], "IoU": 0.17739980207240347}, "38": {"nlayers": 2, "target_layer": 2, "model_type": 1, "markers": [75, 30, 42, 86], "IoU": 0.2084533991942219}, "39": {"nlayers": 2, "target_layer": 2, "model_type": 1, "markers": [78, 30, 42, 86], "IoU": 0.17633710210891265}, "40": {"nlayers": 2, "target_layer": 2, "model_type": 1, "markers": [79, 30, 42, 86], "IoU": 0.21824885268549243}, "41": {"nlayers": 2, "target_layer": 2, "model_type": 1, "markers": [81, 30, 42, 86], "IoU": 0.18801489567435925}, "42": {"nlayers": 2, "target_layer": 2, "model_type": 1, "markers": [84, 30, 42, 86], "IoU": 0.18782815409964373}, "43": {"nlayers": 2, "target_layer": 2, "model_type": 1, "markers": [87, 30, 42, 86], "IoU": 0.18762909706711048}, "44": {"nlayers": 2, "target_layer": 2, "model_type": 1, "markers": [89, 30, 42, 86], "IoU": 0.23565215917187884}, "45": {"nlayers": 2, "target_layer": 2, "model_type": 1, "markers": [92, 30, 42, 86], "IoU": 0.16747307500035444}, "46": {"nlayers": 2, "target_layer": 2, "model_type": 1, "markers": [93, 30, 42, 86], "IoU": 0.1777819155432254}, "47": {"nlayers": 2, "target_layer": 2, "model_type": 1, "markers": [96, 30, 42, 86], "IoU": 0.17782739763816735}}